{"assets/1.png":["assets/1.png"],"assets/2.png":["assets/2.png"],"assets/3.png":["assets/3.png"],"assets/4.png":["assets/4.png"],"assets/5.png":["assets/5.png"],"assets/6.png":["assets/6.png"],"assets/close.png":["assets/close.png"],"assets/deploy.json":["assets/deploy.json"],"assets/done.png":["assets/done.png"],"assets/female.png":["assets/female.png"],"assets/frame.png":["assets/frame.png"],"assets/home.gif":["assets/home.gif"],"assets/links.txt":["assets/links.txt"],"assets/loading.json":["assets/loading.json"],"assets/male.png":["assets/male.png"],"assets/printer.png":["assets/printer.png"],"assets/printing.json":["assets/printing.json"],"packages/cupertino_icons/assets/CupertinoIcons.ttf":["packages/cupertino_icons/assets/CupertinoIcons.ttf"]}